Parameter,Nilai
Intercept,-15345851.658083761
Koefisien Tahun,7650.528667512693
